name,x_val,y_val,other
11623,0.9849,0.495,0
100,0.641784,0.59,1
126,0.742675,0.8769,2
564,0.267895,0.156,3
21,0.7495421,0.879,4
6854,0.2789,0.891,5
165462,0.345975,0.36,6
654,0.9,0.32894,7
2,0.7675,0.1397,8
987,0.312654,0.8461,9
